<?xml version="1.0" encoding="UTF-8"?>
<project-private xmlns="http://www.netbeans.org/ns/project-private/1">
    <editor-bookmarks xmlns="http://www.netbeans.org/ns/editor-bookmarks/2" lastBookmarkId="0"/>
    <open-files xmlns="http://www.netbeans.org/ns/projectui-open-files/2">
        <group>
            <file>file:/C:/xampp/htdocs/bipaloka/assets/trave/js/custom_1.js</file>
            <file>file:/C:/xampp/htdocs/bipaloka/application/views/home/aboutus.php</file>
            <file>file:/C:/xampp/htdocs/bipaloka/application/views/home/packages.php</file>
            <file>file:/C:/xampp/htdocs/bipaloka/assets/trave/css/bipa_1.css</file>
            <file>file:/C:/xampp/htdocs/bipaloka/application/views/statis/header.php</file>
            <file>file:/C:/xampp/htdocs/bipaloka/application/views/home/home.php</file>
        </group>
    </open-files>
</project-private>
